City_ID,City,Country,Lat,Lng,Max Temp,Humidity,Cloudiness,Wind Speed,Current Description
0,Albany,US,42.6001,-73.9662,43.95,93,100,3.0,overcast clouds
1,Saskylakh,RU,71.9167,114.0833,-55.64,100,64,3.71,broken clouds
2,Hobart,AU,-42.8794,147.3294,66.06,84,21,6.91,few clouds
3,Carnarvon,AU,-24.8667,113.6333,74.53,73,0,25.37,clear sky
4,Yulara,AU,-25.2406,130.9889,83.23,33,2,6.38,clear sky
5,Cape Town,ZA,-33.9258,18.4232,76.1,57,20,13.8,few clouds
6,Jamestown,US,42.097,-79.2353,28.02,75,100,11.5,light snow
7,Puerto Ayora,EC,-0.7393,-90.3518,77.56,88,84,7.0,broken clouds
8,Punta Arenas,CL,-53.15,-70.9167,59.02,54,40,29.93,scattered clouds
9,Busselton,AU,-33.65,115.3333,58.39,69,1,16.31,clear sky
10,Kushmurun,KZ,52.4503,64.6311,9.54,90,95,8.52,overcast clouds
11,Luderitz,NA,-26.6481,15.1594,71.01,62,17,26.19,few clouds
12,Bambous Virieux,MU,-20.3428,57.7575,79.05,73,75,8.05,broken clouds
13,Georgetown,MY,5.4112,100.3354,82.35,88,20,0.0,few clouds
14,Khatanga,RU,71.9667,102.5,-44.99,100,100,3.58,overcast clouds
15,Torbay,CA,47.6666,-52.7314,26.28,86,100,12.66,overcast clouds
16,Mataura,NZ,-46.1927,168.8643,44.91,98,24,1.23,few clouds
17,Ushuaia,AR,-54.8,-68.3,58.66,58,40,20.71,scattered clouds
18,Vestmannaeyjar,IS,63.4427,-20.2734,31.19,80,0,32.21,clear sky
19,Atuona,PF,-9.8,-139.0333,77.49,73,83,9.55,broken clouds
20,Dudinka,RU,69.4058,86.1778,-34.38,99,53,4.38,broken clouds
21,Kodiak,US,57.79,-152.4072,38.71,87,100,16.11,moderate rain
22,Itarema,BR,-2.9248,-39.9167,87.48,54,98,16.84,overcast clouds
23,Barrow,US,71.2906,-156.7887,-2.18,78,0,23.02,clear sky
24,Yellowknife,CA,62.456,-114.3525,-13.45,76,20,6.91,few clouds
25,Mount Gambier,AU,-37.8333,140.7667,61.74,70,1,4.9,clear sky
26,Rikitea,PF,-23.1203,-134.9692,78.01,76,8,19.84,clear sky
27,Steamboat Springs,US,40.485,-106.8317,22.95,92,0,0.0,clear sky
28,Chipinge,ZW,-20.1883,32.6236,66.2,80,81,2.44,broken clouds
29,Sakakah,SA,29.9697,40.2064,54.97,69,76,9.26,broken clouds
30,Hithadhoo,MV,-0.6,73.0833,80.89,68,100,10.45,overcast clouds
31,Macklin,CA,52.3334,-109.9348,8.94,96,75,3.53,broken clouds
32,Lavrentiya,RU,65.5833,-171.0,-5.24,93,83,7.14,broken clouds
33,Nantucket,US,41.2835,-70.0995,53.65,98,100,13.8,light rain
34,Tasiilaq,GL,65.6145,-37.6368,7.36,63,100,8.95,overcast clouds
35,Srednekolymsk,RU,67.45,153.6833,-28.91,95,100,7.05,overcast clouds
36,Padang,ID,-0.9492,100.3543,76.51,91,100,5.1,overcast clouds
37,Manicore,BR,-5.8092,-61.3003,75.15,100,40,8.05,light rain
38,Muros,ES,42.7762,-9.0603,58.68,88,100,12.73,overcast clouds
39,Bonga,ET,7.2833,36.2333,62.1,77,37,1.16,scattered clouds
40,Alofi,NU,-19.0595,-169.9187,73.29,94,40,4.61,scattered clouds
41,Sao Joao Da Barra,BR,-21.6403,-41.0511,91.49,85,32,17.07,scattered clouds
42,Llanelli,GB,51.682,-4.1619,48.85,82,20,11.5,few clouds
43,Havre-Saint-Pierre,CA,50.2334,-63.5986,23.0,86,100,9.22,light snow
44,Codrington,AU,-38.2667,141.9667,59.49,90,13,7.65,few clouds
45,Solnechnyy,RU,50.7214,136.6319,-6.86,95,88,4.54,overcast clouds
46,Port Elizabeth,ZA,-33.918,25.5701,75.49,63,0,10.36,clear sky
47,Shubarshi,KZ,48.5872,57.1869,8.44,94,12,6.31,few clouds
48,Oume,JP,35.7839,139.2431,55.85,74,0,4.61,clear sky
49,Riyadh,SA,24.6877,46.7219,59.14,57,42,10.49,scattered clouds
50,Kem,RU,64.9555,34.5793,31.24,90,94,11.16,overcast clouds
51,Gilgit,PK,35.9221,74.3087,25.72,74,84,2.91,broken clouds
52,Lebu,CL,-37.6167,-73.65,61.81,69,15,16.53,few clouds
53,Santiago,CL,-33.4569,-70.6483,86.54,24,0,12.66,clear sky
54,Chuy,UY,-33.6971,-53.4616,74.37,60,100,4.09,moderate rain
55,Norman Wells,CA,65.282,-126.8329,-2.16,71,75,8.05,broken clouds
56,Qaanaaq,GL,77.484,-69.3632,1.27,78,100,6.82,overcast clouds
57,Arraial Do Cabo,BR,-22.9661,-42.0278,91.36,58,0,12.66,clear sky
58,Mandalgovi,MN,45.7625,106.2708,-4.56,53,2,6.42,clear sky
59,Vila,PT,42.0304,-8.1588,47.28,88,84,4.14,broken clouds
60,Phan Thiet,VN,10.9333,108.1,74.59,91,78,1.7,broken clouds
61,Pevek,RU,69.7008,170.3133,-25.78,99,43,1.54,scattered clouds
62,Bolkhov,RU,53.4433,36.0044,21.24,95,100,10.51,overcast clouds
63,Butaritari,KI,3.0707,172.7902,80.44,81,31,15.39,light rain
64,Talnakh,RU,69.4865,88.3972,-34.8,89,21,6.89,few clouds
65,Avarua,CK,-21.2078,-159.775,75.25,78,100,4.61,overcast clouds
66,Neiafu,TO,-18.65,-173.9833,75.88,100,20,0.0,light rain
67,Sao Mateus Do Maranhao,BR,-4.0417,-44.475,88.68,58,90,1.99,overcast clouds
68,Antigonish,CA,45.6169,-61.9986,39.15,96,100,7.0,light rain
69,Bethel,US,41.3712,-73.414,54.64,86,100,6.91,overcast clouds
70,Clyde River,CA,70.4692,-68.5914,-14.57,64,20,9.22,few clouds
71,Cayenne,GF,4.9333,-52.3333,84.24,74,75,18.41,broken clouds
72,Atasu,KZ,48.6814,71.6433,-9.11,95,72,8.39,broken clouds
73,Hermanus,ZA,-34.4187,19.2345,71.8,74,0,7.05,clear sky
74,Saldanha,ZA,-33.0117,17.9442,75.25,79,18,14.67,few clouds
75,Faanui,PF,-16.4833,-151.75,81.23,76,100,23.96,moderate rain
76,Santa Cruz De La Palma,ES,28.6835,-17.7642,70.14,64,75,13.8,broken clouds
77,Tuatapere,NZ,-46.1333,167.6833,48.78,94,18,3.09,few clouds
78,Mastic Beach,US,40.7668,-72.8521,53.78,94,100,12.66,overcast clouds
79,East London,ZA,-33.0153,27.9116,72.54,88,100,6.91,overcast clouds
80,Behat,IN,30.1667,77.6167,54.9,71,60,2.62,broken clouds
81,Isangel,VU,-19.55,169.2667,75.83,79,43,8.81,scattered clouds
82,Victoria,HK,22.2855,114.1577,75.25,90,10,1.01,clear sky
83,Vila Velha,BR,-20.3297,-40.2925,87.75,74,40,17.27,scattered clouds
84,Cidreira,BR,-30.1811,-50.2056,78.69,80,70,6.08,broken clouds
85,Mehamn,NO,71.0357,27.8492,35.55,75,20,17.27,few clouds
86,Nikolskoye,RU,59.7035,30.7861,35.49,98,100,11.18,snow
87,Cabo San Lucas,MX,22.8909,-109.9124,76.6,73,0,4.61,clear sky
88,Orcopampa,PE,-15.2661,-72.3417,61.68,16,57,8.79,broken clouds
89,Cehegin,ES,38.0924,-1.7985,52.25,44,33,5.23,scattered clouds
90,Dunedin,NZ,-45.8742,170.5036,55.8,80,79,1.01,broken clouds
91,Vaini,TO,-21.2,-175.2,77.16,100,75,1.14,broken clouds
92,Flinders,AU,-34.5833,150.8552,70.38,84,76,4.0,broken clouds
93,Salinas,US,36.6777,-121.6555,61.0,78,100,18.41,overcast clouds
94,Qui Nhon,VN,13.7667,109.2333,74.23,93,25,3.33,scattered clouds
95,Ararat,AM,39.8317,44.7049,26.94,57,100,0.43,overcast clouds
96,Santo Antonio Do Ica,BR,-3.1022,-67.9397,72.25,99,100,1.72,overcast clouds
97,Concarneau,FR,47.875,-3.9225,52.09,86,100,9.93,overcast clouds
98,Ponta Do Sol,PT,32.6667,-17.1,65.71,71,3,5.73,clear sky
99,Estelle,US,29.8458,-90.1067,51.01,63,75,12.66,broken clouds
100,Bathsheba,BB,13.2167,-59.5167,84.81,65,40,18.41,light intensity shower rain
101,Kapaa,US,22.0752,-159.319,66.18,88,0,6.91,clear sky
102,Goundam,ML,16.4145,-3.6708,83.21,7,77,10.27,broken clouds
103,Cherskiy,RU,68.75,161.3,-32.17,99,100,4.54,overcast clouds
104,New Norfolk,AU,-42.7826,147.0587,65.7,65,22,2.46,few clouds
105,Gornopravdinsk,RU,60.05,69.9,11.35,94,100,9.53,overcast clouds
106,Vila Franca Do Campo,PT,37.7167,-25.4333,64.81,89,100,14.54,overcast clouds
107,Guerrero Negro,MX,27.9769,-114.0611,67.06,41,26,2.21,scattered clouds
108,Tiksi,RU,71.6872,128.8694,-32.71,98,100,7.74,overcast clouds
109,Korla,CN,41.7597,86.1469,9.84,84,16,3.13,few clouds
110,Rameswaram,IN,9.2833,79.3,76.66,71,95,15.19,overcast clouds
111,Narsaq,GL,60.9167,-46.05,10.62,78,14,6.44,few clouds
112,Samarai,PG,-10.6167,150.6667,80.1,80,95,4.63,overcast clouds
113,Mount Isa,AU,-20.7333,139.5,78.57,73,100,9.22,light rain
114,Mizan Teferi,ET,6.9833,35.5833,63.68,73,52,1.5,broken clouds
115,Totma,RU,59.9747,42.7642,22.8,92,100,12.77,overcast clouds
116,Upernavik,GL,72.7868,-56.1549,0.39,71,100,5.3,overcast clouds
117,Road Town,VG,18.4167,-64.6167,82.49,69,40,13.8,scattered clouds
118,Hirara,JP,24.8,125.2833,73.4,82,61,20.83,broken clouds
119,Akyab,MM,20.15,92.9,67.23,61,1,11.27,clear sky
120,Chokurdakh,RU,70.6333,147.9167,-27.89,97,100,7.07,overcast clouds
121,Ribeira Grande,PT,38.5167,-28.7,64.8,88,40,25.01,scattered clouds
122,Northam,GB,51.0333,-4.2167,47.25,89,95,16.02,overcast clouds
123,Lagoa,PT,39.05,-27.9833,62.04,84,100,28.81,overcast clouds
124,Svetlyy,RU,54.675,20.1347,48.25,89,100,14.25,light rain
125,Lompoc,US,34.6391,-120.4579,61.02,72,0,9.22,clear sky
126,Nakanojo,JP,36.5833,138.85,39.63,87,82,3.74,broken clouds
127,Port Alfred,ZA,-33.5906,26.891,72.18,82,34,3.0,scattered clouds
128,Caceres,ES,39.522,-6.3748,49.14,74,40,2.77,scattered clouds
129,Saint-Joseph,RE,-21.3667,55.6167,79.18,79,72,11.16,broken clouds
130,Romanovka,RU,51.7443,42.7527,12.83,92,81,10.25,broken clouds
131,Aklavik,CA,68.2191,-135.0107,-5.8,77,75,11.5,broken clouds
132,Porto Nacional,BR,-10.7081,-48.4172,78.8,61,91,1.19,overcast clouds
133,Dickinson,US,29.4608,-95.0513,56.01,48,0,12.66,clear sky
134,Saint-Augustin,CA,51.226,-58.6502,20.17,90,97,6.02,overcast clouds
135,Iqaluit,CA,63.7506,-68.5145,-13.27,75,75,19.57,broken clouds
136,La Ronge,CA,55.1001,-105.2842,5.25,78,75,3.44,broken clouds
137,Winslow,US,35.0242,-110.6974,26.78,74,0,0.0,clear sky
138,Kanniyakumari,IN,8.0833,77.5667,75.02,72,15,8.16,few clouds
139,Portland,US,45.5234,-122.6762,52.29,92,100,13.8,moderate rain
140,Bloemfontein,ZA,-29.1211,26.214,89.08,23,0,3.44,clear sky
141,Port Blair,IN,11.6667,92.75,80.64,78,20,5.75,mist
142,Sinnamary,GF,5.3833,-52.95,80.44,74,72,11.05,broken clouds
143,Esperance,AU,-33.8667,121.9,63.81,82,38,22.75,scattered clouds
144,Dwarka,IN,22.2394,68.9678,66.0,42,10,10.45,clear sky
145,Hasaki,JP,35.7333,140.8333,52.2,78,99,23.76,overcast clouds
146,Tateyama,JP,34.9833,139.8667,61.11,75,100,32.08,light rain
147,Castro,BR,-24.7911,-50.0119,73.62,81,98,8.08,overcast clouds
148,Puerto Carreno,CO,6.189,-67.4859,89.58,51,40,8.05,scattered clouds
149,George,ZA,-33.963,22.4617,67.55,83,75,5.75,broken clouds
150,Hopkinsville,US,36.8656,-87.4886,33.75,93,100,14.29,overcast clouds
151,Verkhnevilyuysk,RU,63.4453,120.3167,-67.63,100,93,1.19,overcast clouds
152,Port-Gentil,GA,-0.7193,8.7815,84.16,74,20,9.22,light rain
153,Wahiawa,US,21.5028,-158.0236,65.17,82,0,0.0,clear sky
154,Grand-Santi,GF,4.25,-54.3833,81.23,77,66,5.26,broken clouds
155,Adrar,MR,20.5022,-10.0711,78.1,10,13,11.77,few clouds
156,Komsomolskiy,UZ,40.4272,71.7189,12.92,67,75,4.61,mist
157,Bicske,HU,47.4842,18.644,40.71,87,100,5.37,overcast clouds
158,Ancud,CL,-41.8697,-73.8203,58.77,71,51,11.81,broken clouds
159,Dongkan,CN,33.9997,119.8308,43.97,86,100,18.61,overcast clouds
160,Bengkulu,ID,-3.8004,102.2655,75.49,90,67,3.69,broken clouds
161,Tafresh,IR,34.692,50.013,22.86,65,7,3.51,clear sky
162,Mackay,AU,-21.15,149.2,72.68,93,100,21.18,light rain
163,Pachino,IT,36.7186,15.0907,55.27,72,31,11.9,scattered clouds
164,Cortez,US,37.3489,-108.5859,40.69,74,0,4.61,clear sky
165,Fort Nelson,CA,58.8053,-122.7002,8.19,85,100,2.3,light snow
166,Vardo,NO,70.3705,31.1107,31.98,80,0,13.8,clear sky
167,Isla Vista,US,34.4133,-119.861,61.3,69,100,5.75,overcast clouds
168,Puerto Escondido,MX,15.85,-97.0667,84.43,47,3,3.8,clear sky
169,Mahebourg,MU,-20.4081,57.7,79.09,73,75,8.05,broken clouds
170,Severo-Kurilsk,RU,50.6789,156.125,20.84,77,98,5.66,overcast clouds
171,Bredasdorp,ZA,-34.5322,20.0403,71.92,56,0,10.51,clear sky
172,Provideniya,RU,64.3833,-173.3,-0.54,97,25,9.78,scattered clouds
173,Thompson,CA,55.7435,-97.8558,17.76,93,100,9.22,overcast clouds
174,Terrasini,IT,38.146,13.0844,58.57,72,40,4.61,scattered clouds
175,Hamilton,US,39.1834,-84.5333,36.75,82,100,12.66,overcast clouds
176,Lerwick,GB,60.1545,-1.1494,41.0,73,95,15.75,overcast clouds
177,Taoudenni,ML,22.6783,-3.9836,79.52,13,0,9.69,clear sky
178,Adre,TD,13.4667,22.2,72.95,20,12,7.4,few clouds
179,Polovinnoye,RU,54.7914,65.9864,14.56,82,99,14.92,overcast clouds
180,Nishihara,JP,26.1842,127.7558,69.08,83,40,17.27,scattered clouds
181,Witu,KE,-2.3889,40.4382,80.76,77,10,10.96,clear sky
182,Longyearbyen,SJ,78.2186,15.6401,28.24,80,75,14.97,light snow
183,Gorontalo,ID,0.5412,123.0595,74.75,94,93,3.49,overcast clouds
184,Gouloure,BF,12.2306,-1.9289,87.53,10,43,10.16,scattered clouds
185,San Jeronimo,PE,-11.9472,-75.2829,65.21,36,78,1.03,broken clouds
186,Dauriya,RU,49.9333,116.8667,-30.59,100,21,4.23,few clouds
187,Arman,RU,59.7,150.1667,-13.99,84,100,7.72,overcast clouds
188,Nanortalik,GL,60.1432,-45.2371,14.43,78,25,9.98,scattered clouds
189,Iacobeni,RO,47.4333,25.3167,32.04,88,73,3.47,broken clouds
190,Tuktoyaktuk,CA,69.4541,-133.0374,-13.0,77,75,17.27,broken clouds
191,Viedma,AR,-40.8135,-62.9967,81.36,20,0,14.7,clear sky
192,Garchitorena,PH,13.8804,123.6946,74.21,96,100,10.36,heavy intensity rain
193,Liaozhong,CN,41.5061,122.7242,18.45,35,98,22.95,overcast clouds
194,Luanda,AO,-8.8368,13.2343,80.6,74,75,9.22,broken clouds
195,Hami,CN,42.8,93.45,8.69,58,0,3.71,clear sky
196,Port Macquarie,AU,-31.4333,152.9167,65.89,81,100,6.42,overcast clouds
197,Rzeszow,PL,50.0413,21.999,44.91,82,75,13.8,broken clouds
198,Karratha,AU,-20.7377,116.8463,86.77,54,7,5.17,light rain
199,Naryan-Mar,RU,67.6713,53.087,17.04,94,100,13.15,overcast clouds
200,Namibe,AO,-15.1961,12.1522,75.99,76,100,10.02,overcast clouds
201,Nuuk,GL,64.1835,-51.7216,20.01,63,75,13.8,broken clouds
202,Macaubas,BR,-13.0194,-42.6986,86.49,48,91,2.1,overcast clouds
203,Touros,BR,-5.1989,-35.4608,85.32,63,11,14.5,few clouds
204,Katsuura,JP,35.1333,140.3,60.48,77,100,27.83,light rain
205,Rabo De Peixe,PT,37.8,-25.5833,62.11,94,20,14.97,few clouds
206,Airai,TL,-8.9266,125.4092,61.29,95,100,1.03,overcast clouds
207,Edd,ER,13.9297,41.6925,83.57,45,98,23.15,overcast clouds
208,Balabac,PH,7.9868,117.0645,78.69,79,93,9.57,overcast clouds
209,Hilo,US,19.7297,-155.09,72.28,69,0,9.22,clear sky
210,Segovia,ES,41.1667,-4.0,47.43,80,41,2.75,scattered clouds
211,Roald,NO,62.5833,6.1333,39.33,80,20,8.05,few clouds
212,Williamsburg,US,37.2707,-76.7075,55.72,74,75,10.36,broken clouds
213,Nago,JP,26.5881,127.9761,68.45,78,16,12.57,few clouds
214,Ngunguru,NZ,-35.6167,174.5,64.27,82,90,10.38,overcast clouds
215,Grand Gaube,MU,-20.0064,57.6608,79.2,71,35,5.01,scattered clouds
216,Pacific Grove,US,36.6177,-121.9166,59.07,87,100,7.0,overcast clouds
217,Kalianget,ID,-7.05,113.9333,79.29,78,85,3.29,overcast clouds
218,Coquimbo,CL,-29.9533,-71.3436,69.53,64,20,12.66,few clouds
219,Bintulu,MY,3.1667,113.0333,75.61,100,20,0.0,few clouds
220,Lewiston,US,44.1003,-70.2148,52.14,97,100,1.01,overcast clouds
221,Geraldton,AU,-28.7667,114.6,70.21,78,40,23.02,scattered clouds
222,Avera,US,33.194,-82.5271,54.55,55,25,16.44,scattered clouds
223,Saint Anthony,US,45.0205,-93.218,19.45,89,100,5.75,overcast clouds
224,Oranjemund,NA,-28.55,16.4333,65.37,76,6,19.75,clear sky
225,Camocim,BR,-2.9022,-40.8411,88.27,55,98,18.37,overcast clouds
226,Hovd,MN,48.0056,91.6419,-6.3,73,11,1.66,few clouds
227,Leshukonskoye,RU,64.8989,45.7622,24.26,96,100,8.37,light snow
228,Nakamura,JP,32.9833,132.9333,64.53,96,100,11.92,light rain
229,Dingle,PH,10.9995,122.6711,73.89,94,100,7.0,moderate rain
230,Leningradskiy,RU,69.3833,178.4167,-8.48,99,97,2.46,overcast clouds
231,Cukai,MY,4.25,103.4167,78.75,90,89,2.71,overcast clouds
232,Coos Bay,US,43.3665,-124.2179,52.32,96,100,10.36,overcast clouds
233,Zhaotong,CN,27.3167,103.7167,41.4,80,84,6.53,broken clouds
234,Eureka,US,40.8021,-124.1637,54.21,95,100,3.0,light rain
235,Kruisfontein,ZA,-34.0033,24.7314,70.88,66,8,7.63,clear sky
236,Huarmey,PE,-10.0681,-78.1522,73.9,72,89,9.69,overcast clouds
237,Zeya,RU,53.75,127.2667,-28.93,86,3,5.55,clear sky
238,Bluff,NZ,-46.6,168.3333,51.87,87,17,1.97,few clouds
239,Erenhot,CN,43.6475,111.9767,2.25,49,100,5.14,overcast clouds
240,Kavaratti,IN,10.5669,72.642,80.6,64,100,8.68,overcast clouds
241,Bodden Town,KY,19.2833,-81.25,82.98,68,20,6.91,few clouds
242,Miramar,US,25.9873,-80.2323,79.02,65,0,17.27,clear sky
243,Vagur,FO,61.4732,-6.8119,36.75,66,100,18.25,overcast clouds
244,Sitka,US,57.0531,-135.33,42.69,75,100,6.91,overcast clouds
245,San Cristobal,VE,7.7669,-72.225,75.38,45,72,5.53,broken clouds
246,Kysyl-Syr,RU,63.8986,122.7617,-68.96,100,78,1.5,broken clouds
247,Kintampo,GH,8.0563,-1.7306,92.44,12,46,5.82,scattered clouds
248,Una,IN,20.8167,71.0333,62.98,69,0,9.28,clear sky
249,Black River,JM,18.0264,-77.8487,82.24,61,0,6.22,clear sky
250,College,US,64.8569,-147.8028,3.58,82,100,0.0,overcast clouds
251,Mvomero,TZ,-6.25,38.6667,77.54,79,37,5.26,scattered clouds
252,Tchaourou,BJ,8.8865,2.5975,91.47,13,100,4.41,overcast clouds
253,Ilulissat,GL,69.2167,-51.1,3.22,55,75,13.8,broken clouds
254,Martapura,ID,-3.4167,114.85,75.29,100,70,1.14,broken clouds
255,Kutum,SD,14.2,24.6667,65.48,19,40,9.62,scattered clouds
256,Chapais,CA,49.7834,-74.8492,6.58,90,100,10.69,overcast clouds
257,Boyolangu,ID,-8.1181,111.8935,75.0,84,71,2.64,broken clouds
258,Laguna,US,38.421,-121.4238,64.18,57,40,16.11,scattered clouds
259,Dikson,RU,73.5069,80.5464,-33.2,92,10,7.9,clear sky
260,Poronaysk,RU,49.2167,143.1167,1.98,83,100,12.66,overcast clouds
261,Kabalo,CD,-6.05,26.9167,71.15,85,48,0.92,scattered clouds
262,Dryden,CA,49.7833,-92.7503,7.09,85,100,9.22,overcast clouds
263,Los Llanos De Aridane,ES,28.6585,-17.9182,66.13,62,75,13.8,broken clouds
264,Bereda,ES,43.2686,-7.5406,56.14,91,93,2.75,overcast clouds
265,Hukuntsi,BW,-24.0,21.75,88.07,13,37,14.97,scattered clouds
266,Jumla,NP,29.2747,82.1838,32.86,86,42,5.1,scattered clouds
267,Goure,NE,13.9835,10.2704,71.44,10,40,9.51,scattered clouds
268,Lengshuitan,CN,26.4111,111.5956,60.93,80,23,10.74,few clouds
269,Kaitangata,NZ,-46.2817,169.8464,47.1,93,50,4.21,scattered clouds
270,Katobu,ID,-4.9408,122.5276,76.32,87,55,2.91,broken clouds
271,Mar Del Plata,AR,-38.0023,-57.5575,74.08,61,40,13.8,scattered clouds
272,Llallagua,BO,-18.4167,-66.6333,63.19,15,0,11.95,clear sky
273,Wichita Falls,US,33.9137,-98.4934,48.25,48,0,8.01,clear sky
274,Rio Claro,BR,-22.4114,-47.5614,79.29,74,99,9.17,overcast clouds
275,Teodoro Sampaio,BR,-22.5325,-52.1675,84.76,63,98,7.2,overcast clouds
276,Harnosand,SE,62.6323,17.9379,28.4,100,100,5.21,snow
277,Sampit,ID,-2.5333,112.95,73.98,93,80,2.84,broken clouds
278,Picayune,US,30.5255,-89.6795,51.94,82,28,10.89,scattered clouds
279,Boali,CF,4.8005,18.1275,86.18,17,53,3.27,broken clouds
280,Maniitsoq,GL,65.4167,-52.9,10.44,91,100,17.45,overcast clouds
281,Ostrovnoy,RU,68.0531,39.5131,32.05,90,100,21.65,overcast clouds
282,Winnemucca,US,40.973,-117.7357,35.65,80,0,12.66,clear sky
283,Lima,PE,-12.0432,-77.0282,70.05,73,40,9.22,scattered clouds
284,Cockburn Town,TC,21.4612,-71.1419,77.47,77,26,17.81,scattered clouds
285,Guasave,MX,25.5667,-108.45,76.03,20,0,1.95,clear sky
286,Kulhudhuffushi,MV,6.6221,73.07,79.43,65,15,7.49,few clouds
287,Kamaishi,JP,39.2667,141.8833,48.94,69,100,4.27,overcast clouds
288,Comonfort,MX,20.7167,-100.7667,56.21,40,0,7.74,clear sky
289,Panzhihua,CN,26.5851,101.7128,48.69,57,0,1.86,clear sky
290,Peterongan,ID,-7.5394,112.2792,76.17,86,96,3.11,overcast clouds
291,Iralaya,HN,15.0,-83.2333,81.21,67,67,11.23,broken clouds
292,Koungou,YT,-12.7336,45.2042,76.71,88,0,6.91,clear sky
293,San Pedro,PH,14.35,121.0167,76.35,80,20,4.61,few clouds
294,Havoysund,NO,70.9963,24.6622,35.83,77,64,24.38,light rain
295,Necochea,AR,-38.5473,-58.7368,69.58,50,75,22.03,broken clouds
296,Aykhal,RU,66.0,111.5,-45.11,100,100,3.65,overcast clouds
297,Seminole,US,28.7086,-81.2081,70.25,88,100,14.97,overcast clouds
298,Russell,US,32.3502,-85.1999,45.68,75,100,18.41,overcast clouds
299,Berlevag,NO,70.8578,29.0864,35.6,80,0,9.22,clear sky
300,Banda Aceh,ID,5.5577,95.3222,77.95,83,84,4.61,moderate rain
301,Lasalgaon,IN,20.15,74.2333,62.69,50,0,6.67,clear sky
302,Lata,PT,40.1629,-8.3327,58.91,80,86,1.9,overcast clouds
303,Deputatskiy,RU,69.3,139.9,-41.87,96,99,5.44,overcast clouds
304,Rocha,UY,-34.4833,-54.3333,84.0,28,100,7.45,overcast clouds
305,Tabuny,RU,52.7773,78.7896,6.57,95,97,11.05,overcast clouds
306,Tahta,EG,26.7693,31.5021,58.06,47,60,7.47,broken clouds
307,Solwezi,ZM,-12.1688,26.3894,59.38,97,95,3.11,overcast clouds
308,Shelburne,CA,44.0787,-80.2041,21.99,94,100,18.32,overcast clouds
309,Half Moon Bay,US,37.4636,-122.4286,57.61,89,100,21.85,mist
310,Naples,IT,40.8333,14.25,55.45,73,75,4.61,broken clouds
311,Bardiyah,LY,31.7561,25.0865,59.29,70,16,15.3,few clouds
312,Akdepe,TM,42.0551,59.3788,8.69,47,0,10.87,clear sky
313,Bartow,US,27.8964,-81.8431,68.09,83,75,10.36,broken clouds
314,Naze,JP,28.3667,129.4833,68.92,79,99,18.3,overcast clouds
315,Huntingdon,GB,52.3305,-0.1865,48.15,72,78,11.99,broken clouds
316,Paamiut,GL,61.994,-49.6678,7.75,66,13,13.13,few clouds
317,Shingu,JP,33.7333,135.9833,59.32,95,100,8.05,light rain
318,Souillac,MU,-20.5167,57.5167,79.18,73,75,8.05,broken clouds
319,Palmer,US,42.1584,-72.3287,52.66,85,100,11.5,mist
320,Okha,RU,53.5739,142.9478,-15.14,94,83,17.34,broken clouds
321,Bolshaya Dzhalga,RU,45.9695,42.6966,34.86,77,100,20.47,overcast clouds
322,Les Cayes,HT,18.2,-73.75,82.74,62,20,10.0,light rain
323,Pyapon,MM,16.2833,95.6833,67.48,64,3,6.17,clear sky
324,Kangaatsiaq,GL,68.3065,-53.4641,-2.88,75,99,13.91,overcast clouds
325,Hofn,IS,64.2539,-15.2082,24.82,68,20,12.66,few clouds
326,Fairbanks,US,64.8378,-147.7164,3.6,82,100,0.0,overcast clouds
327,Puerto Rondon,CO,6.2805,-71.1,91.4,43,64,7.78,broken clouds
328,Guaraniacu,BR,-25.1008,-52.8781,72.95,92,89,5.35,light rain
329,Imbituba,BR,-28.24,-48.6703,88.86,68,99,17.52,overcast clouds
330,Nurota,UZ,40.5614,65.6886,2.08,76,3,7.18,clear sky
331,Yabelo,ET,4.8833,38.0833,66.78,22,12,12.82,few clouds
332,Tecolutla,MX,20.4833,-97.0167,71.46,49,47,17.76,scattered clouds
333,Fortuna,US,40.5982,-124.1573,53.94,95,100,5.01,light rain
334,Kununurra,AU,-15.7667,128.7333,76.98,94,100,3.44,overcast clouds
335,Vernon,CA,50.2581,-119.2691,38.3,95,100,3.44,overcast clouds
336,Kesan,TR,40.8558,26.6303,41.92,91,100,8.93,overcast clouds
337,Lomza,PL,53.1781,22.0593,44.42,85,100,12.68,overcast clouds
338,Ketchikan,US,55.3422,-131.6461,39.67,93,100,0.0,fog
339,Richards Bay,ZA,-28.783,32.0377,77.92,79,22,14.27,few clouds
340,Pangody,RU,65.85,74.4859,-8.77,98,100,15.12,light snow
341,Guisa,CU,20.255,-76.5386,84.94,44,15,5.46,few clouds
342,Sola,VU,-13.8833,167.55,79.48,77,96,6.53,heavy intensity rain
343,Jaicos,BR,-7.3592,-41.1378,98.2,26,39,6.08,scattered clouds
344,Winton,US,37.3894,-120.6133,59.02,59,0,12.66,clear sky
345,Chor,PK,25.5167,69.7667,57.61,11,1,10.54,clear sky
346,Ekhabi,RU,53.5102,142.9671,-15.56,94,93,17.63,overcast clouds
347,Muyinga,BI,-2.8333,30.3333,58.98,91,77,2.62,light rain
348,Skibbereen,IE,51.55,-9.2667,50.11,91,100,23.09,overcast clouds
349,Villa Rica,US,33.7321,-84.9191,40.6,75,94,13.15,overcast clouds
350,Bilma,NE,18.6853,12.9164,67.53,16,99,6.33,overcast clouds
351,Kerrville,US,30.0474,-99.1403,55.94,36,0,9.22,clear sky
352,Port Lincoln,AU,-34.7333,135.8667,73.71,58,0,10.98,clear sky
353,Meadow Lake,US,34.8014,-106.5436,49.69,31,5,3.71,clear sky
354,Sao Felix Do Xingu,BR,-6.6447,-51.995,84.97,69,77,2.66,broken clouds
355,Encruzilhada,BR,-15.5314,-40.9094,78.49,75,85,3.76,overcast clouds
356,Plettenberg Bay,ZA,-34.0527,23.3716,69.15,73,47,3.98,scattered clouds
357,Chimore,BO,-16.9833,-65.1333,81.79,89,50,4.63,scattered clouds
358,Ushtobe,KZ,45.2514,77.9838,-4.47,91,44,3.18,scattered clouds
359,Tekkali,IN,18.6167,84.2333,68.54,88,0,4.76,clear sky
360,Tilichiki,RU,60.4667,166.1,-6.38,84,100,9.6,overcast clouds
361,Poum,NC,-20.2333,164.0167,78.64,75,14,11.21,few clouds
362,Lusambo,CD,-4.9667,23.45,74.3,73,55,1.3,broken clouds
363,Roma,US,43.2128,-75.4557,33.51,95,100,10.36,light snow
364,Sosnogorsk,RU,63.6023,53.8817,20.23,91,100,9.86,overcast clouds
365,Hambantota,LK,6.1241,81.1185,73.89,81,22,10.69,few clouds
366,Westport,US,41.1415,-73.3579,54.95,88,100,14.97,overcast clouds
367,Bagdarin,RU,54.4333,113.6,-26.0,91,39,3.76,scattered clouds
368,Sobolevo,RU,54.4299,31.8996,26.55,91,61,13.67,broken clouds
369,Sakaiminato,JP,35.55,133.2333,51.78,93,75,4.61,broken clouds
370,Motygino,RU,58.1831,94.7592,5.29,94,100,8.66,light snow
371,Qaqortoq,GL,60.7167,-46.0333,3.07,85,16,6.02,few clouds
372,Arkadak,RU,51.9326,43.4978,12.02,90,89,11.12,overcast clouds
373,Yumen,CN,40.2833,97.2,7.95,36,99,0.92,overcast clouds
374,Jalu,LY,29.0331,21.5482,60.87,62,78,9.6,broken clouds
375,Maragogi,BR,-9.0122,-35.2225,83.43,68,24,11.52,few clouds
376,Colares,PT,38.7992,-9.4469,61.75,67,20,15.01,few clouds
377,Shenzhen,CN,22.5455,114.0683,75.15,96,33,3.31,scattered clouds
378,Arroyo,ES,41.6096,-4.7969,50.59,76,0,2.3,clear sky
379,Mahibadhoo,MV,3.7833,72.9667,79.54,63,37,13.31,scattered clouds
380,Kristiansund,NO,63.1115,7.732,30.85,80,0,3.44,clear sky
381,Idlib,SY,35.9306,36.6339,44.71,67,100,6.64,light rain
382,Tromso,NO,69.6496,18.957,34.38,93,75,16.11,light snow
383,Hun,LY,29.1268,15.9477,57.4,49,2,8.08,clear sky
384,Coihaique,CL,-45.5752,-72.0662,64.35,45,40,11.5,scattered clouds
385,Camopi,GF,3.1655,-52.3158,78.03,94,90,4.88,overcast clouds
386,Belmonte,BR,-15.8631,-38.8828,83.41,64,18,9.62,few clouds
387,Takoradi,GH,4.8845,-1.7554,83.53,68,8,11.61,clear sky
388,Gamba,GA,-2.65,10.0,79.54,75,58,7.34,broken clouds
389,Boende,CD,-0.2167,20.8667,79.66,55,79,0.22,broken clouds
390,Sangmelima,CM,2.9333,11.9833,81.52,33,10,1.12,clear sky
391,Talavera De La Reina,ES,39.9635,-4.8308,48.43,68,6,2.91,clear sky
392,Ayia Galini,GR,35.1,24.6833,52.75,80,52,10.89,broken clouds
393,Chapleau,CA,47.8405,-83.4034,5.09,78,75,11.5,broken clouds
394,Sharya,RU,58.3686,45.5144,19.85,90,100,12.06,overcast clouds
395,Blythe,US,33.6103,-114.5964,48.65,53,0,3.44,clear sky
396,Beeville,US,28.4008,-97.7483,57.38,23,0,8.05,clear sky
397,Khonsa,IN,27.0167,95.5667,51.37,69,30,3.67,scattered clouds
398,Savannah Bight,HN,16.45,-85.85,78.91,70,37,7.45,light rain
399,Sechura,PE,-5.5569,-80.8222,78.06,56,98,7.18,overcast clouds
400,Grindavik,IS,63.8424,-22.4338,28.35,68,0,20.71,clear sky
401,Baykit,RU,61.67,96.37,-18.87,99,100,1.28,overcast clouds
402,Kapoeta,SS,4.7717,33.5903,87.62,22,2,6.73,clear sky
403,Sao Filipe,CV,14.8961,-24.4956,74.61,64,2,6.71,clear sky
404,Luz,BR,-19.8014,-45.6856,81.84,64,98,4.45,light rain
405,Rio Grande,BR,-32.035,-52.0986,78.91,73,99,17.58,overcast clouds
406,Nombre De Dios,MX,23.85,-104.2333,58.21,25,0,4.52,clear sky
407,Buala,SB,-8.145,159.5921,77.97,86,100,3.94,light rain
408,Darhan,MN,49.4867,105.9228,-21.89,92,5,5.97,clear sky
409,Shimoda,JP,34.6667,138.95,53.1,80,99,15.28,overcast clouds
410,Surgut,RU,61.25,73.4167,8.78,92,40,13.42,light snow
411,Kainantu,PG,-6.2887,145.8655,58.82,96,100,3.24,overcast clouds
412,Vejle,DK,55.7093,9.5357,45.36,88,100,21.59,overcast clouds
413,San Patricio,US,28.017,-97.5169,58.86,33,0,10.0,clear sky
414,Kasongo-Lunda,CD,-6.4667,16.8167,71.87,90,73,3.62,light rain
415,Elko,US,41.0002,-115.5012,29.05,78,100,1.99,overcast clouds
416,Rioja,AR,-29.4111,-66.8507,80.35,47,13,5.93,few clouds
417,Andra,RU,62.5147,65.8878,12.74,90,98,9.19,overcast clouds
418,Obidos,BR,-1.9175,-55.5181,88.48,51,87,6.44,overcast clouds
419,Yankton,US,42.8711,-97.3973,18.12,92,100,9.22,mist
420,Palora,EC,-1.7,-77.9333,80.71,48,92,4.47,overcast clouds
421,Porto Novo,BJ,6.4965,2.6036,85.82,57,22,10.45,few clouds
422,Sao Sebastiao,BR,-23.76,-45.4097,81.16,77,84,3.58,broken clouds
423,Tezu,IN,27.9167,96.1667,59.43,44,41,4.16,scattered clouds
424,Daru,PG,-9.0763,143.2092,76.6,91,96,8.32,overcast clouds
425,Muzhi,RU,65.3667,64.6667,-8.59,99,83,3.67,broken clouds
426,Harper,LR,4.375,-7.7169,83.14,67,100,8.12,overcast clouds
427,Soto La Marina,MX,23.7667,-98.2167,67.05,26,0,11.97,clear sky
428,Saint-Philippe,RE,-21.3585,55.7679,80.19,80,76,11.5,broken clouds
429,Vesoul,FR,47.5833,5.8333,47.21,87,49,11.97,scattered clouds
430,Rawson,AR,-43.3002,-65.1023,76.37,34,1,5.64,clear sky
431,Birakan,RU,49.0167,131.7,-16.67,80,33,11.88,scattered clouds
432,Upata,VE,8.0086,-62.3989,84.4,52,98,5.57,overcast clouds
433,Quatre Cocos,MU,-20.2078,57.7625,78.91,73,56,12.82,broken clouds
434,Liseleje,DK,56.0053,11.9483,45.05,92,100,20.0,light rain
435,Cesis,LV,57.3119,25.2746,39.72,97,100,11.05,overcast clouds
436,Nizhniy Tsasuchey,RU,50.5167,115.1333,-17.01,88,6,5.82,clear sky
437,Dongning,CN,44.0622,131.1207,10.92,89,99,3.89,overcast clouds
438,Khani,GE,41.9563,42.9566,35.17,70,12,6.4,few clouds
439,Tonantins,BR,-2.8731,-67.8022,72.12,99,100,1.52,overcast clouds
440,Sambava,MG,-14.2667,50.1667,77.92,82,100,4.27,light rain
441,Makakilo City,US,21.3469,-158.0858,66.97,84,0,5.75,clear sky
442,Setermoen,NO,68.861,18.3486,31.96,93,96,7.34,overcast clouds
443,Merauke,ID,-8.4667,140.3333,78.42,89,100,8.48,overcast clouds
444,Kavieng,PG,-2.5744,150.7967,81.66,74,71,7.92,broken clouds
445,Aksu,CN,41.1231,80.2644,15.76,89,99,2.68,overcast clouds
446,Seoul,KR,37.5683,126.9778,46.0,97,100,4.61,heavy intensity drizzle
447,Bakhtiyarpur,IN,25.4667,85.5167,55.42,51,0,6.38,clear sky
448,Swan Hill,AU,-35.3378,143.5544,71.46,54,12,6.2,few clouds
449,Bauchi,NG,10.5,10.0,77.02,19,39,5.57,scattered clouds
450,Pochutla,MX,15.7432,-96.4661,85.82,45,2,5.97,clear sky
451,Kabo,CF,7.6994,18.629,83.95,15,0,4.9,clear sky
452,Lorengau,PG,-2.0226,147.2712,81.86,76,95,12.68,overcast clouds
453,Nynashamn,SE,58.9034,17.9479,40.15,85,62,15.55,broken clouds
454,Zyryanka,RU,65.75,150.85,-30.08,98,100,9.44,light snow
455,Trairi,BR,-3.2778,-39.2689,87.62,51,92,14.76,overcast clouds
456,Sortova,PA,8.55,-82.65,80.1,53,57,4.59,broken clouds
457,Malangwa,NP,26.8568,85.5581,57.87,51,0,4.29,clear sky
458,San Policarpo,PH,12.1791,125.5072,77.41,90,100,9.08,moderate rain
459,Bollnas,SE,61.3482,16.3946,34.36,99,100,3.4,light snow
460,Amahai,ID,-3.3333,128.9167,79.32,82,86,3.2,overcast clouds
461,Kismayo,SO,-0.3582,42.5454,77.43,84,13,17.36,few clouds
462,Arauca,CO,7.0847,-70.7591,85.96,66,40,8.05,scattered clouds
463,San Vicente,AR,-26.6167,-54.1333,82.65,51,40,4.52,light rain
464,Lakatoro,VU,-16.0999,167.4164,78.87,83,71,7.45,broken clouds
465,Bonthe,SL,7.5264,-12.505,85.03,57,7,11.45,clear sky
466,Dunda,TZ,-8.1167,34.25,66.92,90,99,1.72,light rain
467,Kanye,BW,-24.9667,25.3327,80.08,17,14,6.55,few clouds
468,Dongying,CN,37.4564,118.4856,30.11,46,100,19.73,overcast clouds
469,Boissevain,CA,49.2306,-100.0559,17.64,84,57,14.67,broken clouds
470,Sedhiou,SN,12.7081,-15.5569,98.49,9,7,3.53,clear sky
471,Vanimo,PG,-2.6741,141.3028,77.31,89,97,0.65,overcast clouds
472,Batemans Bay,AU,-35.7167,150.1833,63.7,96,28,3.36,scattered clouds
473,Mrakovo,RU,52.7161,56.6244,-11.79,100,34,3.74,scattered clouds
474,Pangnirtung,CA,66.1451,-65.7125,-13.0,77,40,4.61,scattered clouds
475,Saint George,US,37.1041,-113.5841,36.19,80,0,3.44,clear sky
476,Pacifica,US,37.6138,-122.4869,56.98,91,100,21.85,overcast clouds
477,Nara,JP,34.6851,135.8049,51.91,33,100,3.76,light rain
478,Ginda,IN,30.6945,78.4932,39.0,84,83,5.77,broken clouds
479,Santa Cruz,BO,-17.8,-63.1667,85.46,70,75,23.02,broken clouds
480,Monrovia,LR,6.3005,-10.7969,91.17,69,50,12.68,scattered clouds
481,Launceston,AU,-41.45,147.1667,64.35,77,47,4.61,scattered clouds
482,Znamensk,RU,48.5842,45.7338,17.69,68,7,15.66,clear sky
483,Kirakira,SB,-10.4544,161.9205,78.37,88,100,7.81,overcast clouds
484,Tazovskiy,RU,67.4667,78.7,-26.28,96,98,12.73,overcast clouds
485,Nan,TH,18.8333,100.6667,62.64,52,0,0.92,clear sky
486,Seymchan,RU,62.8833,152.4333,-27.15,96,100,4.41,overcast clouds
487,Sarandi,BR,-23.4436,-51.8739,69.35,100,75,0.0,thunderstorm
488,Goderich,CA,43.7501,-81.7165,27.91,80,100,16.11,overcast clouds
489,Nioro,GM,13.35,-15.75,96.55,8,1,7.87,clear sky
490,Kharhial,IN,20.2833,82.7667,66.81,37,0,1.95,clear sky
491,Claresholm,CA,50.0333,-113.5852,43.66,75,100,10.36,overcast clouds
492,Arlit,NE,18.7369,7.3853,72.84,10,73,8.75,broken clouds
493,Lincoln,US,40.8,-96.667,21.29,88,100,1.01,mist
494,Klaksvik,FO,62.2266,-6.589,34.72,66,100,17.34,overcast clouds
495,Sungaipenuh,ID,-2.0833,101.3833,65.34,97,100,0.76,light rain
496,Rio Gallegos,AR,-51.6226,-69.2181,71.65,26,75,31.07,broken clouds
497,Namatanai,PG,-3.6667,152.4333,77.86,85,78,4.54,light rain
498,Azul,AR,-36.777,-59.8585,83.16,14,0,15.14,clear sky
499,Batagay-Alyta,RU,67.8006,130.4114,-32.57,99,100,0.72,overcast clouds
500,Namie,JP,37.4833,141.0,48.97,75,100,3.67,overcast clouds
501,Sao Gabriel Da Cachoeira,BR,-0.1303,-67.0892,82.2,78,75,4.61,broken clouds
502,Malanje,AO,-9.5402,16.341,64.13,92,100,1.79,overcast clouds
503,Athabasca,CA,54.7169,-113.2854,1.81,92,100,2.37,overcast clouds
504,Suba,PH,10.8438,121.0102,79.39,82,100,21.83,light rain
505,Anchorage,US,61.2181,-149.9003,30.63,89,40,0.0,scattered clouds
506,Anadyr,RU,64.75,177.4833,-22.02,98,60,4.85,broken clouds
507,Kyaukse,MM,21.6,96.1333,64.65,40,0,4.34,clear sky
508,Davila,PH,18.4726,120.5763,77.14,77,73,4.5,broken clouds
509,Ayan,RU,56.45,138.1667,-19.44,59,100,16.89,overcast clouds
510,Bonavista,CA,48.6499,-53.1147,26.15,63,100,15.61,overcast clouds
511,Yakeshi,CN,49.2833,120.7333,-36.76,100,26,4.12,scattered clouds
512,Halifax,CA,44.6453,-63.5724,48.09,96,100,29.93,moderate rain
513,Banjarmasin,ID,-3.3244,114.591,75.34,86,56,3.33,broken clouds
514,Byron Bay,AU,-28.65,153.6167,65.95,81,84,6.89,broken clouds
515,Bani,DO,18.2833,-70.3333,82.85,63,6,10.13,light rain
516,Bubaque,GW,11.2833,-15.8333,78.08,65,35,10.31,scattered clouds
517,Alto Araguaia,BR,-17.3147,-53.2153,76.26,79,100,10.58,overcast clouds
518,Gravdal,NO,68.1214,13.5031,28.29,100,20,0.0,few clouds
519,Ambilobe,MG,-13.2,49.05,74.57,91,100,2.93,moderate rain
520,Santa Rosa,PH,14.3122,121.1114,77.11,81,100,6.31,overcast clouds
521,Kirkland Lake,CA,48.1446,-80.0377,5.29,80,91,9.22,overcast clouds
522,Pisco,PE,-13.7,-76.2167,74.01,78,0,10.36,clear sky
523,Gualeguay,AR,-33.1416,-59.3097,91.2,15,56,10.09,broken clouds
524,Nieuwpoort,BE,51.1244,2.7735,49.01,74,75,18.41,broken clouds
525,Constitucion,CL,-35.3333,-72.4167,68.94,55,5,15.08,clear sky
526,Labuhan,ID,-6.8844,112.2051,77.14,84,56,8.5,light rain
527,Cascais,PT,38.6979,-9.4215,61.93,69,20,15.01,few clouds
528,Menongue,AO,-14.6585,17.691,72.54,68,81,5.01,light rain
529,Liverpool,GB,53.4106,-2.9779,47.43,78,40,19.57,scattered clouds
530,Port Hardy,CA,50.6996,-127.4199,46.58,100,100,6.91,light rain
531,Port Hedland,AU,-20.3167,118.5667,80.65,78,67,0.0,broken clouds
532,Baglung,NP,28.2719,83.5898,49.14,52,45,5.88,scattered clouds
533,Sibu,MY,2.3,111.8167,73.71,100,40,0.0,scattered clouds
534,Hailar,CN,49.2,119.7,-26.81,97,7,6.11,clear sky
535,Aliwal North,ZA,-30.6937,26.7114,89.62,16,6,7.14,clear sky
536,Colac,AU,-38.3333,143.5833,65.17,97,27,4.25,scattered clouds
537,Tambacounda,SN,13.7539,-13.7586,96.85,10,0,6.91,clear sky
538,Mayor Pablo Lagerenza,PY,-19.9309,-60.7718,82.85,67,72,6.82,broken clouds
539,Nagarote,NI,12.2659,-86.5647,85.68,41,74,9.66,broken clouds
540,Nha Trang,VN,12.25,109.1833,77.0,94,39,2.84,scattered clouds
541,Emerald,AU,-23.5333,148.1667,66.34,99,100,11.21,light rain
542,Toyooka,JP,35.5333,134.8333,55.63,95,100,6.02,overcast clouds
543,Otjimbingwe,NA,-22.35,16.1333,87.64,26,18,19.3,few clouds
544,Along,IN,28.1667,94.7667,51.1,92,40,1.81,scattered clouds
545,Mizdah,LY,31.4451,12.9801,52.84,64,7,9.17,clear sky
546,Njombe,TZ,-9.3333,34.7667,57.4,94,100,3.42,overcast clouds
547,Charters Towers,AU,-20.1,146.2667,71.6,95,100,8.95,light rain
548,La Macarena,CO,2.1837,-73.7849,87.04,52,91,6.62,overcast clouds
549,Qax,AZ,41.4225,46.9242,31.19,79,55,5.03,broken clouds
550,Yaan,NG,7.3833,8.5667,91.69,14,55,4.72,broken clouds
551,Mazagao,BR,-0.115,-51.2894,82.45,73,81,6.42,light rain
552,Haines Junction,CA,60.7522,-137.5108,7.3,98,100,0.25,overcast clouds
553,Saint-Louis,SN,16.3333,-15.0,89.24,7,92,11.81,overcast clouds
554,Paita,PE,-5.0892,-81.1144,75.72,64,87,10.85,overcast clouds
555,Opuwo,NA,-18.0607,13.84,81.77,39,94,19.71,overcast clouds
556,Christchurch,NZ,-43.5333,172.6333,49.95,81,71,1.66,broken clouds
557,Kampot,KH,10.6167,104.1833,73.45,89,53,4.7,broken clouds
558,Banamba,ML,13.55,-7.45,89.92,9,27,8.39,scattered clouds
559,Preobrazheniye,RU,42.9019,133.9064,25.09,56,37,13.09,scattered clouds
560,Husavik,IS,66.0449,-17.3389,13.39,92,75,8.14,broken clouds
561,Tocopilla,CL,-22.092,-70.1979,73.02,64,7,6.67,clear sky
562,Gore,NZ,-46.1028,168.9436,44.6,97,35,1.1,scattered clouds
563,Nortelandia,BR,-14.4547,-56.8028,79.86,82,98,9.13,overcast clouds
564,Kandalaksha,RU,67.162,32.4123,29.1,97,100,8.39,overcast clouds
565,Meulaboh,ID,4.1363,96.1285,76.23,88,98,2.1,overcast clouds
566,Erzin,TR,36.9559,36.2,48.18,51,100,7.92,overcast clouds
567,Namtsy,RU,62.7161,129.6658,-64.25,100,92,1.83,overcast clouds
568,San Lawrenz,MT,36.0553,14.204,56.86,75,46,1.01,scattered clouds
569,Jining,CN,35.405,116.5814,36.23,59,100,18.19,overcast clouds
570,San Juan,AR,-31.5375,-68.5364,87.19,20,4,13.2,clear sky
571,Dongsheng,CN,39.8161,109.9776,7.2,60,100,21.05,overcast clouds
572,Ugoofaaru,MV,5.6667,73.0,79.36,64,18,7.34,few clouds
573,Kudahuvadhoo,MV,2.6708,72.8944,79.66,64,78,14.07,broken clouds
574,Krasnoarmeysk,RU,51.0239,45.6969,6.42,91,40,6.49,scattered clouds
575,Kaniama,CD,-7.5667,24.1833,66.47,95,54,3.06,light rain
576,Camacha,PT,33.0833,-16.3333,60.22,63,75,9.22,broken clouds
577,Araouane,ML,18.9048,-3.5265,78.69,9,86,8.48,overcast clouds
578,Ende,ID,-8.8432,121.6623,78.42,87,100,2.33,overcast clouds
579,Caravelas,BR,-17.7125,-39.2481,85.64,59,32,11.9,scattered clouds
580,Uvat,RU,59.1433,68.8953,14.22,94,100,9.06,overcast clouds
581,Vanavara,RU,60.34,102.2797,-15.29,100,100,0.47,overcast clouds
582,Asfi,MA,32.2994,-9.2372,66.06,68,1,14.36,clear sky
583,Omsukchan,RU,62.5333,155.8,-22.85,97,100,6.24,overcast clouds
584,Sioux Lookout,CA,50.1001,-91.917,6.87,85,100,5.75,overcast clouds
585,Prince Rupert,CA,54.3161,-130.3201,42.49,92,100,2.3,light rain
586,Celestun,MX,20.8667,-90.4,75.11,72,19,20.24,light rain
587,Inhambane,MZ,-23.865,35.3833,84.18,74,40,7.0,scattered clouds
588,Tiznit,MA,29.5833,-9.5,66.76,37,0,8.93,clear sky
589,Loubomo,CG,-4.1997,12.6739,75.31,86,91,3.8,light rain
590,Beringovskiy,RU,63.05,179.3167,-7.49,98,99,13.96,overcast clouds
591,Northampton,US,40.8754,-75.2499,46.9,80,100,1.99,overcast clouds
592,Areia Branca,BR,-4.9561,-37.1369,95.2,56,3,16.28,clear sky
593,Marsa Matruh,EG,31.3525,27.2453,61.0,67,40,11.5,light rain
594,Umm Lajj,SA,25.0213,37.2685,68.85,57,18,13.94,few clouds
595,Kidal,ML,18.4411,1.4078,76.37,9,49,8.5,scattered clouds
596,Valleyview,CA,55.0667,-117.2859,15.84,92,100,5.75,overcast clouds
597,Bar-Le-Duc,FR,48.75,5.1667,44.98,83,22,15.52,few clouds
598,Marawi,PH,7.9986,124.2928,69.26,98,100,1.88,heavy intensity rain
599,Aktau,KZ,43.65,51.2,21.78,39,0,29.53,clear sky
600,Posse,BR,-14.0931,-46.3694,80.37,64,100,4.16,heavy intensity rain
601,Zhanaozen,KZ,43.3,52.8,20.19,41,0,26.22,clear sky
602,Chimoio,MZ,-19.1164,33.4833,80.46,69,40,3.65,scattered clouds
603,Tabuk,PH,17.4189,121.4443,69.28,86,81,3.06,broken clouds
604,Buchanan,LR,5.8808,-10.0467,82.76,69,100,11.83,overcast clouds
605,Nyurba,RU,63.2842,118.3319,-61.82,100,99,2.73,overcast clouds
606,Axim,GH,4.8699,-2.2405,83.71,68,9,10.63,clear sky
607,Vrangel,RU,42.7297,133.0839,24.51,51,44,20.71,scattered clouds
608,Foshan,CN,23.0268,113.1315,69.84,90,0,4.76,clear sky
609,Mercedes,AR,-34.6515,-59.4307,87.94,13,31,13.31,scattered clouds
610,Kijang,KR,35.2442,129.2139,55.13,95,82,11.32,broken clouds
611,Cavalcante,BR,-13.7975,-47.4583,79.61,69,100,4.09,light rain
612,Biltine,TD,14.5333,20.9167,75.87,16,8,9.78,clear sky
613,Roebourne,AU,-20.7833,117.1333,88.36,42,7,4.76,clear sky
614,Varnavino,RU,57.4035,45.0916,18.21,91,100,12.71,overcast clouds
615,Endicott,US,42.0984,-76.0494,35.62,86,100,11.99,overcast clouds
616,Chivay,PE,-15.6383,-71.6011,63.45,16,13,11.68,few clouds
617,Soe,ID,-9.8607,124.284,66.74,95,100,2.37,overcast clouds
618,Kitimat,CA,54.0524,-128.6534,37.78,31,100,3.8,light snow
619,Moose Factory,CA,51.2585,-80.6094,-2.2,84,100,6.91,overcast clouds
620,Bulgan,MN,48.8125,103.5347,-19.61,83,2,4.14,clear sky
621,Zhuzhou,CN,27.8333,113.15,50.13,80,100,11.97,overcast clouds
622,Gumdag,TM,39.2061,54.5906,21.51,44,8,32.41,clear sky
623,Nacala,MZ,-14.5428,40.6728,79.02,79,95,4.5,overcast clouds
624,Faya,SA,18.3851,42.4509,57.31,79,75,5.26,broken clouds
625,Lamu,KE,-2.2717,40.902,80.82,77,3,15.84,clear sky
626,Katherine,AU,-14.4667,132.2667,79.12,89,40,0.0,scattered clouds
627,Kurumkan,RU,54.3,110.3,-22.5,91,37,3.8,scattered clouds
628,Vao,NC,-22.6667,167.4833,76.23,67,73,12.12,broken clouds
629,Chara,RU,56.9064,118.2631,-29.2,74,52,2.33,broken clouds
630,Garowe,SO,8.4054,48.4845,75.22,46,35,19.77,scattered clouds
631,El Sauzal,MX,31.9,-116.6833,62.56,46,100,3.51,overcast clouds
632,Quimper,FR,48.0,-4.1,50.58,93,100,4.61,mist
633,Esmeraldas,BR,-19.7625,-44.3139,85.24,66,93,3.69,overcast clouds
634,Sa Kaeo,TH,13.75,102.3333,77.02,78,66,4.63,broken clouds
635,Pangai,TO,-19.8,-174.35,81.64,76,93,4.99,overcast clouds
636,Forbes,AU,-33.3833,148.0167,71.92,67,29,4.99,scattered clouds
637,Carutapera,BR,-1.195,-46.02,86.31,61,54,9.66,broken clouds
638,Hay River,CA,60.8156,-115.7999,-9.42,77,75,3.44,broken clouds
639,Egvekinot,RU,66.3167,-179.1667,-13.38,89,23,13.22,few clouds
640,Grimmen,DE,54.1121,13.0405,45.99,81,100,21.3,overcast clouds
641,Lezajsk,PL,50.2626,22.4193,45.21,86,100,1.99,overcast clouds
642,Mirnyy,RU,62.5353,113.9611,-40.77,65,100,8.99,overcast clouds
643,Pitimbu,BR,-7.4706,-34.8086,88.39,64,29,11.88,scattered clouds
644,Porangatu,BR,-13.4408,-49.1486,80.47,76,100,2.01,overcast clouds
645,Cimitarra,CO,6.3142,-73.9497,85.86,64,95,3.13,overcast clouds
646,Frontera,MX,26.9333,-101.45,58.32,34,0,1.99,clear sky
647,Champerico,GT,14.3,-91.9167,86.54,69,11,4.99,few clouds
648,Balurghat,IN,25.2167,88.7667,63.32,42,0,3.91,clear sky
649,Poso,ID,-1.3959,120.7524,83.34,68,97,4.23,overcast clouds
650,Galle,LK,6.0367,80.217,75.78,78,20,1.68,few clouds
651,Billings,US,45.7833,-108.5007,44.51,51,98,1.99,overcast clouds
652,Filingue,NE,14.3521,3.3168,79.68,12,100,9.19,overcast clouds
653,Mollendo,PE,-17.0231,-72.0147,73.78,69,35,9.51,scattered clouds
654,Noumea,NC,-22.2763,166.4572,67.98,72,45,8.68,scattered clouds
655,Luena,AO,-11.7833,19.9167,61.74,97,100,6.44,light rain
656,Aksarka,RU,66.5606,67.7975,2.05,97,100,1.68,light snow
657,Quelimane,MZ,-17.8786,36.8883,82.35,74,40,9.22,scattered clouds
658,Abonnema,NG,4.7084,6.7931,84.81,53,34,12.86,scattered clouds
659,Nemuro,JP,43.3236,145.575,36.82,83,64,6.31,broken clouds
660,Gat,IL,31.61,34.7642,57.88,100,75,6.42,broken clouds
661,Inverell,AU,-29.7833,151.1167,63.66,81,90,1.99,overcast clouds
662,Parsabad,IR,39.6482,47.9174,34.12,80,75,0.0,broken clouds
663,Ahipara,NZ,-35.1667,173.1667,60.3,92,18,5.64,few clouds
664,Yalvac,TR,38.2956,31.1778,40.51,81,100,2.98,overcast clouds
665,San Carlos De Bariloche,AR,-41.1456,-71.3082,74.25,20,0,16.11,clear sky
666,Inyonga,TZ,-6.7167,32.0667,65.43,90,58,1.5,light rain
667,Bud,US,39.447,-86.1758,35.74,90,98,16.02,overcast clouds
668,Hrubieszow,PL,50.805,23.8925,41.13,78,100,11.81,overcast clouds
669,Havelock,US,34.8791,-76.9013,59.99,82,100,5.01,overcast clouds
670,Kichha,IN,28.9167,79.5,61.32,61,86,2.33,overcast clouds
671,Staryy Nadym,RU,65.6118,72.6842,-3.59,98,100,16.91,snow
672,Uyuni,BO,-20.4597,-66.825,65.57,5,0,22.64,clear sky
673,Baft,IR,29.234,56.6057,32.23,43,0,3.76,clear sky
674,Sfantu Gheorghe,RO,45.8667,25.7833,43.27,86,97,0.76,overcast clouds
675,Zhigansk,RU,66.7697,123.3711,-66.51,100,90,4.03,overcast clouds
676,Kahului,US,20.8947,-156.47,66.85,84,16,3.0,few clouds
677,Jijiga,ET,9.35,42.8,60.21,56,69,12.37,broken clouds
678,Tomatlan,MX,19.9333,-105.25,86.22,28,0,2.89,clear sky
679,Nang Rong,TH,14.6377,102.7914,76.03,63,6,5.59,clear sky
680,Matagami,CA,49.7502,-77.6328,-0.29,78,100,12.66,light snow
681,Boa Vista,BR,2.8197,-60.6733,87.78,55,75,13.8,broken clouds
682,Bela Vista,BR,-22.1089,-56.5211,84.69,60,59,4.63,broken clouds
683,Sistranda,NO,63.7256,8.834,31.96,78,96,3.8,overcast clouds
684,Santiago Del Estero,AR,-27.7951,-64.2615,84.52,37,82,8.9,broken clouds
685,New Ulm,US,44.3125,-94.4605,12.58,87,90,0.0,overcast clouds
686,Contai,IN,21.7786,87.7536,69.35,87,0,7.29,clear sky
687,Saint-Paul,RE,-21.0096,55.2707,80.71,78,100,3.65,overcast clouds
688,Okoneshnikovo,RU,54.8377,75.0834,1.02,96,69,10.2,broken clouds
689,Tessalit,ML,20.1986,1.0114,76.98,11,89,8.08,overcast clouds
690,Hinundayan,PH,10.3523,125.2506,75.43,93,96,7.63,moderate rain
691,Cedar City,US,37.6775,-113.0619,45.39,32,100,3.36,overcast clouds
